{
  "2026-01-19": {
    "VS Code": 3293.855678796768,
    "Brave Browser": 9101.079783201218,
    "Folders": 96.22471952438354,
    "Terminal": 843.174952507019,
    "Postman": 51.16886615753174
  }
}