{
  "2026-01-19": {
    "VS Code": 1567.2906720638275,
    "Brave Browser": 1744.4116773605347,
    "Folders": 96.81247091293335,
    "Terminal": 35.42799472808838,
    "Postman": 2.0214743614196777,
    "Other Apps": 47.49260640144348
  }
}