{
  "2026-01-19": {
    "VS Code": 94.00583529472351,
    "Brave Browser": 81.73698782920837,
    "Folders": 7.083947420120239
  }
}