{
  "2026-01-19": {
    "VS Code": 533.2209799289703,
    "Brave Browser": 99.32519006729126,
    "Folders": 96.22471952438354,
    "Terminal": 3.014474868774414,
    "Postman": 51.16886615753174
  }
}